<?xml version="1.0" encoding="UTF-8"?>
<jcr:root xmlns:sling="http://sling.apache.org/jcr/sling/1.0" xmlns:cq="http://www.day.com/jcr/cq/1.0" xmlns:jcr="http://www.jcp.org/jcr/1.0" xmlns:nt="http://www.jcp.org/jcr/nt/1.0"
          jcr:primaryType="nt:unstructured"
          jcr:title="Properties"
          sling:resourceType="cq/gui/components/authoring/dialog">
    <content
            jcr:primaryType="nt:unstructured"
            sling:resourceType="granite/ui/components/coral/foundation/fixedcolumns">
        <items jcr:primaryType="nt:unstructured">
            <column
                    jcr:primaryType="nt:unstructured"
                    sling:resourceType="granite/ui/components/coral/foundation/container">
                <items jcr:primaryType="nt:unstructured">
                    <carsBrand
                            jcr:primaryType="nt:unstructured"
                            sling:resourceType="granite/ui/components/coral/foundation/form/select"
                            fieldLabel="Select car brand"
                            name="./selectedCarBrand">
                        <items jcr:primaryType="nt:unstructured">
                            <All
                                    jcr:primaryType="nt:unstructured"
                                    text="All"
                                    value="All"/>
                            <VW
                                    jcr:primaryType="nt:unstructured"
                                    text="VW"
                                    value="VW"/>
                            <Peugeot
                                    jcr:primaryType="nt:unstructured"
                                    text="Peugeot"
                                    value="Peugeot"/>
                            <Ford
                                    jcr:primaryType="nt:unstructured"
                                    text="Ford"
                                    value="Ford"/>
                            <Mazda
                                    jcr:primaryType="nt:unstructured"
                                    text="Mazda"
                                    value="Mazda"/>
                            <Toyota
                                    jcr:primaryType="nt:unstructured"
                                    text="Toyota"
                                    value="Toyota"/>
                            <Hyundai
                                    jcr:primaryType="nt:unstructured"
                                    text="Hyundai"
                                    value="Hyundai"/>
                            <Kia
                                    jcr:primaryType="nt:unstructured"
                                    text="Kia"
                                    value="Kia"/>
                            <Honda
                                    jcr:primaryType="nt:unstructured"
                                    text="Honda"
                                    value="Honda"/>
                            <Fiat
                                    jcr:primaryType="nt:unstructured"
                                    text="Fiat"
                                    value="Fiat"/>
                            <Renault
                                    jcr:primaryType="nt:unstructured"
                                    text="Renault"
                                    value="Renault"/>
                        </items>
                    </carsBrand>
                </items>
            </column>
        </items>
    </content>
</jcr:root>